,Topic,Count,Name,Representation,KeyBERT,MMR,pos,Representative_Docs
0,-1,3912,-1_and_the_to_we,"['and', 'the', 'to', 'we', 'hotel', 'was', 'of', 'in', 'with', 'for']","['hotel', 'hotels', 'rooms', 'room', 'restaurant', 'stayed', 'comfortable', 'night', 'service', 'location']","['and', 'the', 'to', 'we', 'hotel', 'was', 'of', 'in', 'with', 'for']","['hotel', 'room', 'service', 'stay', 'nice', 'location', 'day', 'excellent', 'business', 'view']","[""Having done a great deal of research about New York hotels and prices, we were expecting very little for our money but the Suite at the Setai surpassed all expectations, it was a really good size, with a seperate lounge area, walk in wardrobe and huge bathroom, with a large walk in shower, very large luxurious bath, oh yes and 3 TV's one of which was in the bathroom mirror! Our personal assistant Eugenie was exceptional!, As we were there for a special occasion we had been in contact with Eugenia for a good few weeks prior to our arrival to help us with restaurant recommendations and bookings, as well as other sightseeing and tour information"", 'We just returned after a six nights stay in Chicago, our room was on the 16th Floor but unfortunately we did not have a good view, room was a cornor room so was really spacious and very comfortable, Staff were very friendly and helpful, you could hear the sirens from the nearby fire station but the noise didnt bother me and I am a rather light sleeper, Its handy that there was an I phone charger in the room for me to use, Room service was great,The hotel is in a great location for shopping and sight seeing so I would recommend this hotel', 'When we arrived at the hotel we were greeted by the staff with a ""welcome to your home for the next 3 nights"" This certainly was what the hotel felt like, the service was excellent but the room just felt like we had arrived and was as close to home as you can get when staying in a hotel room']"
1,0,451,0_location_shopping_walk_walking,"['location', 'shopping', 'walk', 'walking', 'distance', 'restaurants', 'close', 'street', 'is', 'place']","['downtown', 'location', 'near', 'located', 'place', 'midtown', 'mall', 'restaurants', 'central', 'avenue']","['location', 'shopping', 'walk', 'walking', 'distance', 'restaurants', 'close', 'street', 'is', 'place']","['location', 'shopping', 'walk', 'distance', 'restaurants', 'street', 'place', 'great', 'easy', 'mall']","['Close to great shopping and restaurants this is the place to stay', 'Great location, close to many restaurants and shopping', 'The location is close to Central Park (Walking distance)']"
2,1,353,1_de_et_le_est,"['de', 'et', 'le', 'est', 'la', 'und', 'un', 'les', 'pour', 'au']","['hôtel', 'pas', 'dans', 'une', 'bien', 'être', 'de', 'le', 'petit', 'sur']","['de', 'et', 'le', 'est', 'la', 'und', 'un', 'les', 'pour', 'au']","['et', 'und', 'pour', 'au', 'très', 'vous', 'sont', 'chambres', 'personnel', 'étage']","[""Bonjour, J'ai séjourné dans cette hôtel en aout 2012 , je vous le recommande fortement emplacement et situation geographique parfaite , le servie de l'hôtel est au dessus de la moyenne, un personnel qui est aux petits soins avec la clientèle"", ""La grande dame de cuivre, les grattes-ciels aux muscles d'acier, Central Park, vous m'avez reconnu : New York la cosmopolite, la foisonnante, la passionnante ! Logés au Chatwal sur la 44e rue entre la sixième et septième avenue, une adresse de choix : merci à Christine pour son accueil, et à Michael pour tous les petits services qui facilitent le quotidien dans un tel hôtel ! Un cadre frais et reposant dans une ville tourbillonnante ! Hôtel dans le style art déco qui va si bien à New York !"", ""Pou commencer L'hotel est bien place a deux pas du beverly center La deco signe starck ressemble plus a son show room qu a un interieur amenage par un createur La suite est grande et belle le personnel de chambre est serviable et souriant un bon point ! Le petit dejeuner est cher et peu copieux le buffet remplis a peine une petite table La piscine est mal amenage on peut se retrouver nez a nez face a face avec d autre client de l hotel pas forcement agreable De plus la piscine ne dispose pas de douche ce qui peut expliquer la couleur de l eau pleine d'huile solaire Service voiturier et parking tres efficace tout comme le concierge Donc un bon hotel mais trop cher pour ses prestations et sa petite piscine""]"
3,2,352,2_experience_say_it_overall,"['experience', 'say', 'it', 'overall', 'expectations', 'thank', 'not', 'really', 'disappointed', 'nothing']","['experience', 'overall', 'wonderful', 'amazing', 'great', 'thank', 'very', 'loved', 'love', 'thanks']","['experience', 'say', 'it', 'overall', 'expectations', 'thank', 'not', 'really', 'disappointed', 'nothing']","['experience', 'overall', 'expectations', 'impressed', 'short', 'feeling', 'amazing', 'things', 'disappointment', 'high']","['Overall a great experience', 'it was really a wonderful experience', 'Overall, just a really nice experience']"
4,3,309,3_shower_bathroom_tub_bath,"['shower', 'bathroom', 'tub', 'bath', 'toilet', 'marble', 'separate', 'bathrooms', 'large', 'soaking']","['bathrooms', 'bathroom', 'shower', 'bath', 'bathtub', 'showers', 'tub', 'baths', 'rooms', 'toilet']","['shower', 'bathroom', 'tub', 'bath', 'toilet', 'marble', 'separate', 'bathrooms', 'large', 'soaking']","['shower', 'bathroom', 'tub', 'bath', 'toilet', 'marble', 'separate', 'bathrooms', 'large', 'bathtub']","['Bathroom has separate bath and shower', 'The bathroom was spacious with a separate tub and shower', 'The bathroom was large with great shower']"
5,4,237,4_view_floor_views_room,"['view', 'floor', 'views', 'room', 'harbor', 'on', 'park', 'corner', 'of', 'city']","['harbor', 'view', 'rooms', 'room', 'balcony', 'views', 'bedroom', 'breathtaking', 'buildings', 'bay']","['view', 'floor', 'views', 'room', 'harbor', 'on', 'park', 'corner', 'of', 'city']","['view', 'floor', 'views', 'room', 'harbor', 'park', 'corner', 'city', 'rooms', 'suite']","['Great view of the harbor', 'We got a room with a view - and from our room on the 36th floor the view was fantastic', 'The higher the floor the better the view! Boston harbor on one side and city views on the other']"
6,5,233,5_seasons_four_baltimore_regis,"['seasons', 'four', 'baltimore', 'regis', 'at', 'st', 'season', 'expect', 'stayed', 'francisco']","['seasons', 'season', 'summer', 'nights', 'four', 'night', 'year', 'chicago', 'regis', 'three']","['seasons', 'four', 'baltimore', 'regis', 'at', 'st', 'season', 'expect', 'stayed', 'francisco']","['seasons', 'baltimore', 'best', 'experience', 'stay', 'property', 'nights', 'high', 'hotel', 'last']","['Four Seasons Chicago', 'Four seasons are the best !', 'Four Seasons']"
7,6,223,6_staff_friendly_helpful_very,"['staff', 'friendly', 'helpful', 'very', 'professional', 'attentive', 'were', 'extremely', 'and', 'always']","['staff', 'friendly', 'welcoming', 'pleasant', 'polite', 'seemed', 'members', 'courteous', 'manager', 'management']","['staff', 'friendly', 'helpful', 'very', 'professional', 'attentive', 'were', 'extremely', 'and', 'always']","['staff', 'friendly', 'helpful', 'professional', 'attentive', 'warm', 'efficient', 'home', 'stay', 'smile']","['The staff is very friendly and helpful', 'Staff was very friendly and helpful', 'Staff was friendly and very helpful']"
8,7,221,7_pool_area_swimming_small,"['pool', 'area', 'swimming', 'small', 'gym', 'kids', 'the', 'is', 'indoor', 'pools']","['pool', 'pools', 'poolside', 'swimming', 'swim', 'tub', 'area', 'facilities', 'water', 'gym']","['pool', 'area', 'swimming', 'small', 'gym', 'kids', 'the', 'is', 'indoor', 'pools']","['pool', 'area', 'swimming', 'small', 'gym', 'kids', 'pools', 'indoor', 'beautiful', 'water']","['Pool was nice but small', 'The gym and pool are amazing, the pool has a beautiful view!', 'No pool']"
9,8,199,8_nyc_york_new_ny,"['nyc', 'york', 'new', 'ny', 'chatwal', 'in', 'to', 'visit', 'this', 'manhattan']","['nyc', 'manhattan', 'york', 'ny', 'hotel', 'hotels', 'visiting', 'city', 'london', 'place']","['nyc', 'york', 'new', 'ny', 'chatwal', 'in', 'to', 'visit', 'this', 'manhattan']","['new', 'hotel', 'time', 'trip', 'next', 'city', 'first', 'lot', 'daughter', 'family']","['This was our first time in New York', ""but that's NYC"", 'I will definitely be a return guest at The London NYC on my next trip to New York']"
10,9,186,9_breakfast_morning_buffet_breakfasts,"['breakfast', 'morning', 'buffet', 'breakfasts', 'included', 'restaurant', 'menu', 'package', 'bread', 'was']","['breakfast', 'breakfasts', 'lunch', 'morning', 'dinner', 'toast', 'food', 'ate', 'bread', 'eggs']","['breakfast', 'morning', 'buffet', 'breakfasts', 'included', 'restaurant', 'menu', 'package', 'bread', 'was']","['breakfast', 'morning', 'buffet', 'breakfasts', 'restaurant', 'menu', 'package', 'bread', 'price', 'room']","['Breakfast was nice', '-breakfast', 'breakfast']"
11,10,180,10_bar_drinks_lounge_drink,"['bar', 'drinks', 'lounge', 'drink', 'cocktails', 'bartender', 'club', 'cocktail', 'lobby', 'jazz']","['drinks', 'cocktails', 'bartenders', 'beverages', 'bar', 'lounge', 'bartender', 'cocktail', 'bars', 'restaurant']","['bar', 'drinks', 'lounge', 'drink', 'cocktails', 'bartender', 'club', 'cocktail', 'lobby', 'jazz']","['bar', 'drinks', 'lounge', 'drink', 'cocktails', 'bartender', 'club', 'cocktail', 'lobby', 'jazz']","['The drinks were great in the lobby lounge', 'Drinks at the bar were wonderful', 'We also had drinks in the lobby bar and enjoyed our time with excellent service']"
12,11,171,11_di_il_la_che,"['di', 'il', 'la', 'che', 'molto', 'con', 'non', 'per', 'al', 'un']","['posizione', 'delle', 'disposizione', 'colazione', 'nella', 'della', 'questo', 'spaziose', 'una', 'soggiornato']","['di', 'il', 'la', 'che', 'molto', 'con', 'non', 'per', 'al', 'un']","['molto', 'non', 'camere', 'sono', 'personale', 'colazione', 'camera', 'ogni', 'dalla', 'prima']","[""Premesso che l'hotel è di grande livello e le 5 stelle sono ben meritate, ci ha stupito che nonostante la prenotazione fosse stata richiesta e pagata per una tripla, una volta arrivate alla reception l'addetta ci ha risposto che avevano soltanto il letto matrimoniale king size e che non sapeva proprio dove avrebbe dormito la terza persona"", ""Se avete dei dubbi tra questo o un altro hotel, l'altra alternativa potrebbe essere il Beverly Wilshire sempre del Four Season che è molto bello anche se più turistico (per modo di dire) nel senso che questo è frequentato più dal crowd di Beverly Hills"", ""Colazioni molto ben presentate al buffet e a richiesta di tutto e di più ! Il loro ristorante e' di alto livello ed i costi in linea con il menu !!! In ogni caso una gra bella esperienza""]"
13,12,155,12_bed_comfortable_pillows_beds,"['bed', 'comfortable', 'pillows', 'beds', 'linens', 'comfy', 'sheets', 'soft', 'firm', 'mattress']","['beds', 'comfortable', 'bed', 'bedding', 'mattress', 'pillows', 'pillow', 'comfy', 'comforter', 'uncomfortable']","['bed', 'comfortable', 'pillows', 'beds', 'linens', 'comfy', 'sheets', 'soft', 'firm', 'mattress']","['bed', 'comfortable', 'pillows', 'beds', 'linens', 'comfy', 'sheets', 'soft', 'firm', 'mattress']","['The bed is very comfortable', 'Bed and pillows very comfortable', 'The bed and pillows are very comfortable']"
14,13,146,13_noise_quiet_hear_loud,"['noise', 'quiet', 'hear', 'loud', 'street', 'noisy', 'was', 'room', 'heard', 'outside']","['quietest', 'noisy', 'noise', 'rooms', 'quiet', 'room', 'hallway', 'loud', 'halls', 'louder']","['noise', 'quiet', 'hear', 'loud', 'street', 'noisy', 'was', 'room', 'heard', 'outside']","['noise', 'quiet', 'loud', 'street', 'noisy', 'room', 'outside', 'traffic', 'floor', 'hallway']","['So I had no view, but also no street noise, which was good', 'It was quieter than I expected (knowing there would be street noise anywhere), and there was no room-to-room noise and very little hallway noise', 'A view of the river would have been nice! The rooms were very quiet -- no street noise, no hallway noise']"
15,14,141,14_staff_hotel_friendly_helpful,"['staff', 'hotel', 'friendly', 'helpful', 'guest', 'guests', 'and', 'is', 'make', 'this']","['hotels', 'hotel', 'hospitality', 'guests', 'staff', 'friendly', 'employees', 'pleasant', 'guest', 'concierge']","['staff', 'hotel', 'friendly', 'helpful', 'guest', 'guests', 'and', 'is', 'make', 'this']","['staff', 'hotel', 'friendly', 'helpful', 'guest', 'guests', 'moment', 'accommodating', 'front', 'luxury']","['All of the hotel staff we encountered were very friendly and helpful!', 'The hotel was beautiful, staff very friendly', 'All in all a very good hotel and the staff a very friendly and helpful staff']"
16,15,141,15_service_customer_impeccable_friendly,"['service', 'customer', 'impeccable', 'friendly', 'exceptional', 'level', 'was', 'experienced', 'outstanding', 'excellent']","['service', 'services', 'served', 'customer', 'outstanding', 'fantastic', 'incredible', 'superb', 'great', 'best']","['service', 'customer', 'impeccable', 'friendly', 'exceptional', 'level', 'was', 'experienced', 'outstanding', 'excellent']","['service', 'customer', 'impeccable', 'friendly', 'exceptional', 'level', 'outstanding', 'excellent', 'detail', 'staff']","['Service was great', 'The service was great', 'service']"
17,16,130,16_suite_upgraded_king_deluxe,"['suite', 'upgraded', 'king', 'deluxe', 'upgrade', 'room', 'bedroom', 'we', 'junior', 'executive']","['suite', 'suites', 'rooms', 'bedroom', 'room', 'apartment', 'furnished', 'foyer', 'studio', 'floor']","['suite', 'upgraded', 'king', 'deluxe', 'upgrade', 'room', 'bedroom', 'we', 'junior', 'executive']","['suite', 'king', 'deluxe', 'upgrade', 'room', 'bedroom', 'junior', 'executive', 'suites', 'spacious']","['Our room was a king ( I think suite as we were upgraded)', 'We were upgraded to a one-bedroom suite, with the 7', 'The suite was great']"
18,17,122,17_hotel_this_recommend_highly,"['hotel', 'this', 'recommend', 'highly', 'would', 'love', 'grand', 'loved', 'is', 'overall']","['hotels', 'hotel', 'visit', 'recommend', 'travelers', 'highrise', 'vacationing', 'vacation', 'staying', 'fantastic']","['hotel', 'this', 'recommend', 'highly', 'would', 'love', 'grand', 'loved', 'is', 'overall']","['hotel', 'grand', 'hotels', 'wonderful', 'excellent', 'travelers', 'old', 'serices', 'moderate', 'lot']","['Highly recommend this hotel', 'I highly recommend this hotel, very nice', 'I would highly recommend this hotel']"
19,18,109,18_location_hotel_located_is,"['location', 'hotel', 'located', 'is', 'square', 'close', 'restaurants', 'shopping', 'union', 'great']","['hotel', 'cafes', 'restaurants', 'downtown', 'location', 'located', 'situated', 'mall', 'central', 'town']","['location', 'hotel', 'located', 'is', 'square', 'close', 'restaurants', 'shopping', 'union', 'great']","['location', 'hotel', 'square', 'close', 'restaurants', 'shopping', 'great', 'subway', 'walk', 'downtown']","['The location of the hotel is perfect', 'The location of the hotel was close to many fine restaurants, the best of shopping, and Central Park', 'The location of the hotel is great']"
20,19,109,19_spa_massage_massages_use,"['spa', 'massage', 'massages', 'use', 'treatment', 'the', 'great', 'have', 'is', 'was']","['spa', 'resort', 'massage', 'massages', 'facilities', 'luxurious', 'facility', 'hotel', 'best', 'fabulous']","['spa', 'massage', 'massages', 'use', 'treatment', 'the', 'great', 'have', 'is', 'was']","['spa', 'massage', 'massages', 'treatment', 'great', 'package', 'part', 'minute', 'wonderful', 'hotel']","['The Spa was great also', 'The spa is very nice', 'great spa']"
21,20,108,20_rooms_are_spacious_comfortable,"['rooms', 'are', 'spacious', 'comfortable', 'decorated', 'appointed', 'room', 'beds', 'size', 'well']","['rooms', 'room', 'spacious', 'beds', 'amenities', 'furnished', 'furnishings', 'cozy', 'comfortable', 'sofa']","['rooms', 'are', 'spacious', 'comfortable', 'decorated', 'appointed', 'room', 'beds', 'size', 'well']","['rooms', 'spacious', 'comfortable', 'room', 'beds', 'size', 'large', 'decor', 'nice', 'amenities']","['The rooms are large, clean and the beds are comfortable', 'Rooms', 'The rooms are great']"
22,21,107,21_food_delicious_tasty_meal,"['food', 'delicious', 'tasty', 'meal', 'was', 'excellent', 'tuna', 'salmon', 'crab', 'good']","['meals', 'meal', 'food', 'tasty', 'delicious', 'tasted', 'dietary', 'restaurant', 'dinner', 'ate']","['food', 'delicious', 'tasty', 'meal', 'was', 'excellent', 'tuna', 'salmon', 'crab', 'good']","['food', 'delicious', 'tasty', 'meal', 'excellent', 'tuna', 'salmon', 'crab', 'good', 'dinner']","['The food was excellent', 'The food was excellent', 'The food was delicious']"
23,22,107,22_rate_rates_price_night,"['rate', 'rates', 'price', 'night', 'pay', 'per', 'for', 'booked', 'paying', 'expedia']","['rates', 'rate', 'hotel', 'booking', 'discount', 'paying', 'pricey', 'cheap', 'paid', 'pay']","['rate', 'rates', 'price', 'night', 'pay', 'per', 'for', 'booked', 'paying', 'expedia']","['rate', 'rates', 'price', 'night', 'expedia', 'expensive', 'good', 'more', 'worth', 'discount']","['I was there for business, and we actually had a very good rate, that I would have paid if I had been paying on my own', 'On our first trip we booked through Expedia and got a really good rate, the problem with that was that rate gave you probably the worse room in the hotel--low floor, no window in the bathroom, in fact the bathroom looked nothing like the cool ones on the website', 'I did not pay for the room, but I inquired about the rates in season and felt that the quoted rate would be a very good value for this hotel']"
24,23,102,23_el_que_de_en,"['el', 'que', 'de', 'en', 'muy', 'la', 'es', 'para', 'los', 'una']","['habitación', 'habitaciones', 'calidad', 'realmente', 'excelente', 'cuando', 'estado', 'ubicacion', 'ubicación', 'como']","['el', 'que', 'de', 'en', 'muy', 'la', 'es', 'para', 'los', 'una']","['que', 'es', 'para', 'una', 'nos', 'por', 'pero', 'habitación', 'nuestro', 'excelente']","['El desayuno es muy variado,la calidad de todos los productos es exquisita y fresca; la atención es excelente en este lugar y en el bar, donde nos atendio una camarera que habla perfecto español y nos sugirió lugares divinos para conocer y cenar! Aunque si no tienen ganas de salir, en el mismo hotel ofrecen cena y siempre hay musica en vivo como jazz los fines de semana', '¿Que decir sobre The Plaza Hotel que ya no se haya dicho? Es cierto todo lo expresado acerca de su ubicacion; la calidad del servicio; el profesionalismo de todo el personal desde el primero al ultimo, y los detalles de lujo en las habitaciones y particularmente en los baños', 'Las habitaciones son muy amplias, la que nos tocó tenía una vista preciosa al lago Michigan, pero el baño podría ser más moderno y lo que verdaderamente nos molestó mucho durante toda nuestra estancia fue que olía a cigarro, nosotros desde que reservamos pedimos específicamente habitación de no fumadores, y supuestamente no solo la habitación era de no fumadores, sino que estaba en un piso de no fumadores, sin embargo cada vez que abríamos la puerta de nuestro cuarto, nos llegaba el tufazo a colillas viejas de cigarro, a lo mejor es porque aunque limpien a conciencia, como las alfombras y las cortinas son viejas, ya no se les quita el olor ni lavándolas']"
25,24,96,24_gym_fitness_workout_facility,"['gym', 'fitness', 'workout', 'facility', 'center', 'equipment', 'weights', 'classes', 'yoga', 'treadmills']","['gym', 'gyms', 'fitness', 'workout', 'facilities', 'hotel', 'treadmills', 'facility', 'cardio', 'exercise']","['gym', 'fitness', 'workout', 'facility', 'center', 'equipment', 'weights', 'classes', 'yoga', 'treadmills']","['gym', 'fitness', 'workout', 'facility', 'center', 'equipment', 'weights', 'classes', 'yoga', 'treadmills']","['The hotel gym is large by hotel standards and has adequate equipment for a good workout', 'The gym is good, with a lot of free weights, which is unusual in a hotel gym', 'Good gym']"
26,25,88,25_hotel_decor_historic_renovated,"['hotel', 'decor', 'historic', 'renovated', 'modern', 'beautiful', 'is', 'has', 'looks', 'building']","['hotel', 'rooms', 'elegance', 'refurbishment', 'cozy', 'renovated', 'renovation', 'decor', 'décor', 'furnishings']","['hotel', 'decor', 'historic', 'renovated', 'modern', 'beautiful', 'is', 'has', 'looks', 'building']","['hotel', 'decor', 'historic', 'modern', 'beautiful', 'building', 'interior', 'stuffy', 'old', 'history']","['The hotel itself was beautiful, and had a historic (but not stuffy) feel', 'This is a great hotel -- new, modern, beautiful rooms', 'The decor in this hotel is beautiful']"
27,26,76,26_lol_cooney_genial_russian,"['lol', 'cooney', 'genial', 'russian', 'plural', 'mmmm', 'evar', 'francis', 'vries', 'gauvin']","['lol', '', '', '', '', '', '', '', '', '']","['lol', 'cooney', 'genial', 'russian', 'plural', 'mmmm', 'evar', 'francis', 'vries', 'gauvin']","['lol', 'plural', '', '', '', '', '', '', '', '']","['Jason de Vries', 'lol', 'Lol']"
28,27,74,27_housekeeping_job_clean_turn,"['housekeeping', 'job', 'clean', 'turn', 'returned', 'did', 'keeping', 'down', 'their', 'evening']","['housekeeping', 'houskeeping', 'cleaning', 'staff', 'house', 'cleaned', 'clean', 'management', 'manager', 'job']","['housekeeping', 'job', 'clean', 'turn', 'returned', 'did', 'keeping', 'down', 'their', 'evening']","['housekeeping', 'job', 'evening', 'room', 'turndown', 'service', 'issue', 'staff', 'morning', 'water']","['Housekeeping did a GREAT job in cleaning the room', 'The housekeeping staff were wonderful', 'Housekeeping staff were all very nice']"
29,28,74,28_internet_wifi_free_wi,"['internet', 'wifi', 'free', 'wi', 'fi', 'connection', 'access', 'charge', 'wireless', 'slow']","['wifi', 'wireless', 'hotspot', 'internet', 'wi', 'ethernet', 'ipad', 'webcasts', 'connection', 'connect']","['internet', 'wifi', 'free', 'wi', 'fi', 'connection', 'access', 'charge', 'wireless', 'slow']","['internet', 'wifi', 'free', 'connection', 'access', 'charge', 'wireless', 'slow', 'only', 'ethernet']","['My only disappoint was that there is complementary wifi and access to internet in the lobby area only', 'Free wifi in the business center which was very helpful', 'You have to pay for wifi and internet access in the room for $9']"
30,29,73,29_back_will_return_be,"['back', 'will', 'return', 'be', 'definitely', 'forward', 'wait', 'll', 'returning', 'soon']","['back', 'return', 'returning', 'we', 'coming', 'will', 'again', 'stays', 'leave', 'go']","['back', 'will', 'return', 'be', 'definitely', 'forward', 'wait', 'll', 'returning', 'soon']","['relationship', 'cooler', 'today', 'fortunate', 'weather', 'following', 'week', 'home', 'much', '']","['we will be back', 'We will Be back !', 'We will be back!']"
31,30,71,30_coffee_tea_maker_nespresso,"['coffee', 'tea', 'maker', 'nespresso', 'morning', 'machine', 'no', 'minutes', 'complimentary', 'in']","['coffee', 'tea', 'keurig', 'espresso', 'nespresso', 'espressos', 'cups', 'keurigs', 'cup', 'microwave']","['coffee', 'tea', 'maker', 'nespresso', 'morning', 'machine', 'no', 'minutes', 'complimentary', 'in']","['coffee', 'tea', 'maker', 'morning', 'machine', 'minutes', 'complimentary', 'service', 'room', 'making']","['Only one negative for me--no in-room coffee or tea service', 'Complimentary coffee and tea in the lobby starting at 6 am (no coffee machines in the rooms)', 'A Nespresso coffee in the room for a coffee in the morning was just perfect']"
32,31,70,31_stay_here_overall_wonderful,"['stay', 'here', 'overall', 'wonderful', 'enjoyed', 'our', 'my', 'enjoyable', 'memorable', 'recent']","['staying', 'stay', 'stays', 'goodbye', 'enjoyed', 'memorable', 'pleasant', 'pleasantly', 'enjoyable', 'wonderful']","['stay', 'here', 'overall', 'wonderful', 'enjoyed', 'our', 'my', 'enjoyable', 'memorable', 'recent']","['stay', 'overall', 'wonderful', 'enjoyable', 'recent', 'memorable', 'excellent', 'fantastic', 'choice', 'good']","['We have had a great stay', 'but it was a great stay', 'We had a great stay']"
33,32,70,32_bags_bellman_car_valet,"['bags', 'bellman', 'car', 'valet', 'luggage', 'taxi', 'cab', 'our', 'he', 'us']","['valet', 'baggages', 'bags', 'luggage', 'taxi', 'bag', 'arriving', 'escorted', 'parked', 'greeted']","['bags', 'bellman', 'car', 'valet', 'luggage', 'taxi', 'cab', 'our', 'he', 'us']","['bags', 'bellman', 'car', 'valet', 'luggage', 'taxi', 'cab', 'doorman', 'driver', 'minutes']","['The best experience I have ever had at a hotel began from the moment I pulled up to the valet and they took our bags and car and directed us to check-in', 'Even when I carried my bags all the way down to the outside, waited for valet give me the keys even though my car was right there, I was putting my bags in my trunk and had some man trying to take them from me while I was putting them in my trunk because he obviously wanted a tip', 'A bellman/valet came right up to the taxi to get my luggage']"
34,33,70,33_desk_front_helpful_professional,"['desk', 'front', 'helpful', 'professional', 'staff', 'bell', 'concierge', 'friendly', 'doormen', 'bellmen']","['staff', 'desk', 'colleagues', 'housekeeping', 'front', 'supervisor', 'professional', 'concierge', 'doormen', 'service']","['desk', 'front', 'helpful', 'professional', 'staff', 'bell', 'concierge', 'friendly', 'doormen', 'bellmen']","['desk', 'front', 'helpful', 'professional', 'staff', 'concierge', 'friendly', 'doormen', 'bellmen', 'bellman']","['Not enough staff at the front desk', 'All staff from front door, to front desk, concierge and housekeeping was really friendly and helpful', 'Front desk staff was professional and helpful']"
35,34,67,34_lobby_gorgeous_is_small,"['lobby', 'gorgeous', 'is', 'small', 'building', 'entrance', 'the', 'fragrant', 'restaurant', 'ornate']","['lobby', 'hotel', 'ballrooms', 'restaurant', 'bar', 'diners', 'facade', 'spacious', 'cozy', 'building']","['lobby', 'gorgeous', 'is', 'small', 'building', 'entrance', 'the', 'fragrant', 'restaurant', 'ornate']","['lobby', 'gorgeous', 'small', 'building', 'entrance', 'fragrant', 'restaurant', 'ornate', 'side', 'private']","['Hotel lobby was gorgeous', 'The lobby bar is at the other end of the lobby as is the restaurant', 'The lobby area is beautiful']"
36,35,66,35_stayed_nights_august_here,"['stayed', 'nights', 'august', 'here', 'wife', '2012', 'my', 'old', 'husband', 'three']","['staying', 'stayed', 'nights', 'honeymoon', 'summer', 'night', 'stay', 'august', 'overseas', 'weekend']","['stayed', 'nights', 'august', 'here', 'wife', '2012', 'my', 'old', 'husband', 'three']","['nights', 'wife', 'old', 'husband', 'year', 'family', 'children', 'night', 'son', 'stay']","['We stayed for two nights in August', 'My wife and I stayed here for three nights', 'Stayed here for 2 nights in August']"
37,36,64,36_boston_harbor_common_our,"['boston', 'harbor', 'common', 'our', 'seasons', 'stay', 'four', 'hotel', 'to', 'garden']","['boston', 'harbor', 'hotel', 'hotels', 'trip', 'visit', 'excursions', 'place', 'wharfs', 'rental']","['boston', 'harbor', 'common', 'our', 'seasons', 'stay', 'four', 'hotel', 'to', 'garden']","['common', 'seasons', 'hotel', 'location', 'trip', 'place', 'street', 'many', 'perfect', 'children']","[""The location of Four Seasons in Boston can't be beat! It is across the street from Boston Commons, and it's easy to walk to many of the historic landmarks in Boston"", 'This was our first visit to Boston, and the Boston Harbor Hotel helped to make it a memorable one!', 'I have stayed at the Four Seasons Boston and the Mandarin in Boston']"
38,37,61,37_again_would_here_stay,"['again', 'would', 'here', 'stay', 'definitely', 'wouldn', 'price', 'probably', 'pleasure', 'heartbeat']","['stay', 'staying', 'would', 'wouldn', 'again', 'return', 'back', 'relax', 'if', 'here']","['again', 'would', 'here', 'stay', 'definitely', 'wouldn', 'price', 'probably', 'pleasure', 'heartbeat']","['price', 'pleasure', 'heartbeat', 'right', 'promotion', 'sure', 'lower', 'area', 'line', 'special']","['We would stay here again', 'We would stay here again', 'I would stay here again!']"
39,38,58,38_concierge_helpful_suggestions_reservations,"['concierge', 'helpful', 'suggestions', 'reservations', 'us', 'extremely', 'information', 'wealth', 'making', 'hold']","['concierge', 'service', 'assisting', 'friendly', 'helped', 'especialy', 'booking', 'helpful', 'suggestions', 'budgeting']","['concierge', 'helpful', 'suggestions', 'reservations', 'us', 'extremely', 'information', 'wealth', 'making', 'hold']","['concierge', 'helpful', 'suggestions', 'reservations', 'information', 'wealth', 'hold', 'knowledgeable', 'mark', 'dinner']","['Concierge service was great', 'The Concierge were very helpful', 'Helpful concierge']"
40,39,57,39_bill_fixed_phone_me,"['bill', 'fixed', 'phone', 'me', 'issue', 'call', 'called', 'fix', 'they', 'day']","['bill', 'checking', 'check', 'paying', 'charges', 'complaint', 'reviewing', 'queue', 'charge', 'credit']","['bill', 'fixed', 'phone', 'me', 'issue', 'call', 'called', 'fix', 'they', 'day']","['bill', 'phone', 'issue', 'call', 'minutes', 'engineer', 'speed', 'one', 'maintenance', 'days']","['I was in a rush and it seemed as though no one expected me to check the bill', 'I said to them make bill 3 hours before check out', 'Always check your bill']"
41,40,55,40_carlton_ritz_charlotte_at,"['carlton', 'ritz', 'charlotte', 'at', 'stayed', 'central', 'wedding', 'gruppe', 'ihren', 'häusern']","['carlton', 'carltons', 'ritz', 'hotels', 'staying', 'stayed', 'sanfrancisco', 'charlotte', 'chicago', 'central']","['carlton', 'ritz', 'charlotte', 'at', 'stayed', 'central', 'wedding', 'gruppe', 'ihren', 'häusern']","['central', 'wedding', 'park', 'customer', 'poor', 'weekend', 'service', 'hotels', 'der', 'schläft']","['Overall, I would definitely stay at this Ritz Carlton again!', 'I stayed in this Ritz Carlton for 4 nights with my family', 'I had an amazing time at the Ritz Carlton']"
42,41,55,41_ritz_at_fabulous_stay,"['ritz', 'at', 'fabulous', 'stay', 'service', 'enjoyed', 'for', 'the', 'didn', 'overnight']","['ritz', 'motel', 'stayed', 'staying', 'fabulous', 'favorite', 'place', 'enjoyed', 'stay', 'august']","['ritz', 'at', 'fabulous', 'stay', 'service', 'enjoyed', 'for', 'the', 'didn', 'overnight']","['ritz', 'fabulous', 'stay', 'service', 'overnight', 'family', 'husband', 'last', 'cation', 'nights']","['It was a nice place to stay, we had a lovely time at the Ritz', 'The Ritz was very nice, and the staff was really great', 'All in all, a lovely stay at the Ritz!']"
43,42,54,42_champagne_bottle_chocolate_anniversary,"['champagne', 'bottle', 'chocolate', 'anniversary', 'strawberries', 'covered', 'cake', 'our', 'sent', 'card']","['anniversary', 'champagne', 'celebrations', 'celebrating', 'strawberries', 'celebration', 'birthday', 'celebrate', 'dessert', 'occasion']","['champagne', 'bottle', 'chocolate', 'anniversary', 'strawberries', 'covered', 'cake', 'our', 'sent', 'card']","['champagne', 'bottle', 'chocolate', 'anniversary', 'strawberries', 'cake', 'card', 'birthday', 'wine', 'note']","['They even sent us a bottle of champagne and birthday cake with Birthday note', 'They even sent champagne and strawberries up to the room for our anniversary', 'From the glass of champagne and cookies at check in, to the bottle of chilled champagne and chocolate covered strawberries they left in our room with a ""Happy Anniversary"" card, the special touches were lovely and much appreciated']"
44,43,53,43_trump_soho_chicago_returned,"['trump', 'soho', 'chicago', 'returned', 'at', 'weekend', 'stayed', 'disappointed', 'palmer', 'have']","['soho', 'manhattan', 'hotel', 'nyc', 'visit', 'trumpsoho', 'staying', 'hiltons', 'stayed', 'trump']","['trump', 'soho', 'chicago', 'returned', 'at', 'weekend', 'stayed', 'disappointed', 'palmer', 'have']","['trump', 'soho', 'weekend', 'hotel', 'better', 'stay', 'best', 'trip', 'birthday', 'other']","['I recently returned from a 4 night long-weekend stay at the fabulous Trump Soho', 'All in all, I would love to come back to stay at the Trump Soho', 'We have just returned from 6 days at the Trump Soho']"
45,44,51,44_chicago_in_best_stay,"['chicago', 'in', 'best', 'stay', 'choice', 'city', 'list', 'we', 'hotels', 'next']","['chicago', 'hotel', 'hotels', 'tahoe', 'city', 'shanghai', 'accommodations', 'trip', 'summer', 'favorite']","['chicago', 'in', 'best', 'stay', 'choice', 'city', 'list', 'we', 'hotels', 'next']","['in', 'best', 'stay', 'choice', 'city', 'list', 'hotels', 'next', 'hotel', 'favorite']","['Next time I stay in Chicago this will be on the top of my list', 'It is my Chicago', 'The best hotel we have ever stayed at in Chicago!']"
46,45,51,45_dc_jefferson_washington_fairfax,"['dc', 'jefferson', 'washington', 'fairfax', 'stay', 'embassy', 'row', 'heart', 'at', 'hotel']","['dc', 'washington', 'fairfax', 'jefferson', 'hotel', 'hotels', 'wa', 'capitol', 'vacationed', 'home']","['dc', 'jefferson', 'washington', 'fairfax', 'stay', 'embassy', 'row', 'heart', 'at', 'hotel']","['fairfax', 'embassy', 'row', 'heart', 'hotel', 'decorations', 'wonderful', 'experience', 'paintings', 'cleanliness']","['This is my my new DC home', 'Child: It is our pleasure to welcome you to The Jefferson, Washington, DC', 'If I were to go to Washington DC again I would most definately stay in this hotel']"
47,46,50,46_decor_furnishings_style_modern,"['decor', 'furnishings', 'style', 'modern', 'elegance', 'decoration', 'vintage', 'elegant', 'old', 'beautiful']","['decor', 'décor', 'decoration', 'furnishings', 'elegance', 'elegant', 'styled', 'antique', 'style', 'cabinets']","['decor', 'furnishings', 'style', 'modern', 'elegance', 'decoration', 'vintage', 'elegant', 'old', 'beautiful']","['decor', 'furnishings', 'style', 'modern', 'elegance', 'decoration', 'vintage', 'elegant', 'old', 'beautiful']","['3) STYLE & DECOR', 'Lots of polished Italian marble columns, marbled mosaic floors, old world style exquisitely upholstered furnishings, arches, colonnades, wrought iron, so many handcrafted and hand finished chests, cabinets, consoles and doors of richly carved dark and burled wood, as well as ornate hand stenciled frescoed ceilings, elegant lamps, vases and paintings everywhere, tons of 22 kt gold leaf', 'Beautiful decor and furnishings']"
48,47,49,47_hotels_stayed_ve_best,"['hotels', 'stayed', 've', 'best', 'nicest', 'this', 'ever', 'have', 'world', 'travel']","['hotels', 'hotel', 'honeymoon', 'stayed', 'travel', 'best', 'experience', 'nicest', 'aires', 'stay']","['hotels', 'stayed', 've', 'best', 'nicest', 'this', 'ever', 'have', 'world', 'travel']","['hotels', 'best', 'nicest', 'world', 'lot', 'hotel', 'part', 'time', 'week', 'states']","[""One of the nicest hotels I've stayed in"", 'It is one of the best hotels I have ever stayed', 'This was definitely one of the best hotels we have ever stayed in']"
49,48,47,48_mandarin_oriental_boston_at,"['mandarin', 'oriental', 'boston', 'at', 'hotels', 'in', 'stayed', 'stay', 'instance', 'unfortunate']","['mandarin', 'oriental', 'hotel', 'hotels', 'hk', 'stayed', 'harbourside', 'china', 'moscow', 'boston']","['mandarin', 'oriental', 'boston', 'at', 'hotels', 'in', 'stayed', 'stay', 'instance', 'unfortunate']","['mandarin', 'oriental', 'hotels', 'stay', 'instance', 'asian', 'unfortunate', 'new', 'other', 'most']","['The Mandarin Oriental was a great place to stay during my stay in DC', 'I have stayed in 2 Mandarin Oriental Hotels, the other being the Mandarin Las Vegas, were both fantastic', 'We stayed at the Mandarin Oriental in Boston in August']"
50,49,46,49_property_this_overall_save,"['property', 'this', 'overall', 'save', 'is', 'say', 'feel', 'maintained', 'return', 'stay']","['property', 'properties', 'renovations', 'driveway', 'pristine', 'sophistication', 'return', 'beautiful', 'collection', 'things']","['property', 'this', 'overall', 'save', 'is', 'say', 'feel', 'maintained', 'return', 'stay']","['property', 'overall', 'feel', 'stay', 'properties', 'niggles', 'due', 'whole', 'menus', 'win']","['So, overall, a nice property', 'This is a gorgeous property', 'I will return to this property']"
51,50,44,50_location_great_rooms_service,"['location', 'great', 'rooms', 'service', 'amenities', 'surroundings', 'staff', 'nice', 'excellent', 'beautiful']","['rooms', 'amenities', 'location', 'accomodations', 'accommodations', 'located', 'spacious', 'buildings', 'areas', 'surroundings']","['location', 'great', 'rooms', 'service', 'amenities', 'surroundings', 'staff', 'nice', 'excellent', 'beautiful']","['location', 'great', 'rooms', 'service', 'amenities', 'surroundings', 'staff', 'nice', 'excellent', 'beautiful']","['Great location, large beautiful rooms with a wonderful view', 'Spacious rooms, friendly staff, great location', 'The location is great, rooms are very nice']"
52,51,42,51_dinner_eat_restaurant_closed,"['dinner', 'eat', 'restaurant', 'closed', 'ate', 'did', 'we', 'grill', 'food', 'not']","['restaurant', 'restaurants', 'hotel', 'dinner', 'meals', 'meal', 'guests', 'eating', 'serving', 'food']","['dinner', 'eat', 'restaurant', 'closed', 'ate', 'did', 'we', 'grill', 'food', 'not']","['dinner', 'restaurant', 'closed', 'food', 'night', 'bar', 'main', 'restaurants', 'drink', 'redo']","['We also did not eat at the hotel restaurant but I did go down and have a drink with my older daughter one night in the bar', 'We did not get to eat at the main restaurant as it was closed for updating', 'We did not eat in the hotel restaurant']"
53,52,42,52_elevator_elevators_floor_key,"['elevator', 'elevators', 'floor', 'key', '5th', 'to', 'get', 'only', 'go', 'escorted']","['elevators', 'elevator', 'floors', 'floor', 'hotel', 'room', 'lift', 'lifts', 'escorted', 'walked']","['elevator', 'elevators', 'floor', 'key', '5th', 'to', 'get', 'only', 'go', 'escorted']","['elevator', 'elevators', 'floor', 'key', '5th', 'while', 'lobby', 'guest', 'lifts', 'minor']","['We stayed on the 5th floor and found the elevators to be a bit small', 'When arriving, you must take an elevator to the 5th floor lobby, then walk around the corner to another elevator that served the hotel floors', 'The hotel lobby is on the 7th floor, thus every time I wanted leave my room to go outside I would have to take an elevator down to the lobby then walk a fair distance to the second set of elevators to get down to street level']"
54,53,42,53_worth_expensive_penny_cheap,"['worth', 'expensive', 'penny', 'cheap', 'every', 'price', 'pricey', 'money', 'it', 'but']","['worth', 'expensive', 'pricey', 'cheap', 'dollars', 'value', 'overpriced', 'costs', 'price', 'recommendable']","['worth', 'expensive', 'penny', 'cheap', 'every', 'price', 'pricey', 'money', 'it', 'but']","['worth', 'expensive', 'penny', 'cheap', 'price', 'pricey', 'money', 'peek', 'questionable', 'neat']","['Worth every penny', 'but it is worth it!', 'Expensive and worth it!']"
55,54,41,54_nyc_standards_manhattan_rooms,"['nyc', 'standards', 'manhattan', 'rooms', 'spacious', 'york', 'new', 'large', 'suites', 'are']","['rooms', 'manhattan', 'bedroom', 'room', 'nyc', 'apartments', 'hotels', 'amenities', 'york', 'spacious']","['nyc', 'standards', 'manhattan', 'rooms', 'spacious', 'york', 'new', 'large', 'suites', 'are']","['standards', 'rooms', 'spacious', 'large', 'suites', 'size', 'bedroom', 'room', 'comfortable', 'big']","['The rooms are all suites as standard and amazingly large by New York standards', 'The rooms are very comfortable and large for NYC standards', 'The room was very spacious for NYC']"
56,55,40,55_00_ten_10_ouch,"['00', 'ten', '10', 'ouch', '95', '45', 'out', '12', 'received', 'extra']","['00', 'ten', '10', '45', '95', 'extra', '12', 'open', '', '']","['00', 'ten', '10', 'ouch', '95', '45', 'out', '12', 'received', 'extra']","['extra', '', '', '', '', '', '', '', '', '']","['00', '00', '00']"
57,56,38,56_star_five_stars_hotel,"['star', 'five', 'stars', 'hotel', 'hotels', 'because', 'this', 'simply', 'property', 'properly']","['hotels', 'hotel', 'resorts', 'star', 'stars', 'five', 'guests', 'rating', 'ratings', 'review']","['star', 'five', 'stars', 'hotel', 'hotels', 'because', 'this', 'simply', 'property', 'properly']","['star', 'stars', 'hotel', 'hotels', 'property', 'tiny', 'enough', 'things', 'review', 'weddings']","['I felt i was staying at a 4 star hotel for the price of a 5 star one!', 'It is simply an excellent five star hotel', 'Everything about the stay was five star!! Room Service was very helpful']"
58,57,37,57_cribs_stuffed_toy_her,"['cribs', 'stuffed', 'toy', 'her', 'crib', 'milk', 'they', 'baby', 'little', 'child']","['cribs', 'crib', 'toys', 'gifts', 'toy', 'children', 'treats', 'doll', 'kids', 'gift']","['cribs', 'stuffed', 'toy', 'her', 'crib', 'milk', 'they', 'baby', 'little', 'child']","['cribs', 'toy', 'milk', 'crib', 'baby', 'little', 'child', 'toys', 'cookies', 'gift']","['When we stayed over Christmas, they had little tiny amenities delivered to our rooms as gifts!! They sent my daughter bath toys and candy and our family a bottle of wine, just because! We stayed there this past Saturday night and said they were going to run out of cribs (BTW - they do real cribs here', 'Our 3 year old did a cookie making class in the pastry kitchen which was lots of fun, they each ""raided the Four Seasons fridge"" on Saturday night for milk and cookies, got a stuffed toy on arrival, and the room service attendants were great at memorising each child\'s name when they brought milk to the room in the evenings', 'When we arrived, they presented her with a stuffed toy (one of three she received from staff), and there was a crib waiting in our room']"
59,58,35,58_relaxing_atmosphere_relaxed_relax,"['relaxing', 'atmosphere', 'relaxed', 'relax', 'day', 'zen', 'out', 'place', 'after', 'it']","['relaxing', 'relaxed', 'relaxation', 'relax', 'retreat', 'place', 'comfortable', 'exhausted', 'unwind', 'feeling']","['relaxing', 'atmosphere', 'relaxed', 'relax', 'day', 'zen', 'out', 'place', 'after', 'it']","['relaxing', 'atmosphere', 'relaxed', 'day', 'zen', 'place', 'sightseeing', 'more', 'obstacle', 'suburbans']","['It was so relaxing coming back at any time of the day to the peace and quiet of the hotel', ""It's a relaxing place to say"", 'It was not relaxing']"
60,59,35,59_parking_valet_35_seems,"['parking', 'valet', '35', 'seems', 'fee', 'per', 'parked', 'steep', 'overnight', 'car']","['parking', 'parked', 'valet', 'garage', 'downtown', 'fee', 'fees', 'suburban', 'driving', 'expensive']","['parking', 'valet', '35', 'seems', 'fee', 'per', 'parked', 'steep', 'overnight', 'car']","['parking', 'valet', 'steep', 'overnight', 'car', 'fees', 'pricy', 'day', 'night', 'dollars']","[""Valet parking is about $35 but it's first class and great staff everywhere here"", 'Valet parking was $35/night', 'Use the valet parking it has quick service and parking is a problem in the area']"
61,60,35,60_air_conditioning_conditioner_temperature,"['air', 'conditioning', 'conditioner', 'temperature', 'properly', 'thermostat', 'warm', 'blasts', 'loud', 'problem']","['ac', 'heating', 'thermostat', 'air', 'humid', 'cold', 'conditioner', 'room', 'conditioning', 'freezing']","['air', 'conditioning', 'conditioner', 'temperature', 'properly', 'thermostat', 'warm', 'blasts', 'loud', 'problem']","['air', 'conditioning', 'conditioner', 'temperature', 'thermostat', 'warm', 'blasts', 'loud', 'problem', 'cold']","['The air conditioning in one of the rooms never worked properly despite attempts to fix it', 'The air conditioning in the rooms worked great and always kept the room at the desire temperature', 'Unfortunately, the air conditioning in our room was not working properly - it was quite warm']"
62,61,33,61_anniversary_celebrate_wedding_our,"['anniversary', 'celebrate', 'wedding', 'our', 'husband', 'tradition', 'here', 'celebrating', 'birthday', 'my']","['anniversary', 'wedding', 'honeymoon', 'celebrated', 'anniversaries', 'celebrating', 'celebrate', 'fiance', 'married', 'romantic']","['anniversary', 'celebrate', 'wedding', 'our', 'husband', 'tradition', 'here', 'celebrating', 'birthday', 'my']","['anniversary', 'wedding', 'husband', 'tradition', 'birthday', 'rep', 'wife', 'silver', '20th', 'year']","['What a special place to celebrate our anniversary!', 'My wife and I came to the Waldorf to celebrate our 10th wedding anniversary', 'My husband and I stayed here for two nights to celebrate our 10th wedding anniversary']"
63,62,33,62_stations_restaurants_restaurant_dining,"['stations', 'restaurants', 'restaurant', 'dining', 'entertainment', 'evening', 'hall', 'food', 'seafood', 'options']","['restaurants', 'restaurant', 'dining', 'hotel', 'establishments', 'dinner', 'food', 'seafood', 'stations', 'evening']","['stations', 'restaurants', 'restaurant', 'dining', 'entertainment', 'evening', 'hall', 'food', 'seafood', 'options']","['stations', 'restaurants', 'restaurant', 'dining', 'entertainment', 'evening', 'hall', 'food', 'seafood', 'options']","['The Michelin 3 star restaurant, Jean-Georges, is intimate with an outdoor patio area for drinks or dining', 'There are Asian stations, Mexican stations, seafood stations, carved beef stations and more and more and more', 'Evening movies and entertainment right out back of their hotel with dining']"
64,63,33,63_early_ready_check_call,"['early', 'ready', 'check', 'call', 'room', 'arrived', '11am', 'wasn', 'checked', 'our']","['room', 'arriving', 'early', 'check', '3pm', 'immediately', 'delay', 'checked', '4pm', '11am']","['early', 'ready', 'check', 'call', 'room', 'arrived', '11am', 'wasn', 'checked', 'our']","['early', 'ready', 'check', 'call', 'room', 'hour', 'number', 'hours', 'phone', 'access']","[""Our room wasn't ready for early check in but they did everything to accommodate us until then"", 'Requested an early check in and the room was ready at 10', ""We were early so our room wasn't ready, but they did call within an hour of us arriving to let us know the room was ready""]"
65,64,30,64_star_stars_five_category,"['star', 'stars', 'five', 'category', 'every', 'service', 'departments', 'ole', 'oscar', 'grammy']","['stars', 'star', 'five', 'stellar', 'rating', 'award', 'grammy', 'best', 'excellence', 'throughout']","['star', 'stars', 'five', 'category', 'every', 'service', 'departments', 'ole', 'oscar', 'grammy']","['star', 'stars', 'category', 'service', 'ole', 'recipient', 'departments', 'standard', 'choice', 'plain']","['This place is five stars all the way', 'Five stars!', 'Five Stars']"
66,65,30,65_room_nice_was_lovely,"['room', 'nice', 'was', 'lovely', 'spirited', 'stifiling', 'andreas', 'crying', 'tlc', 'amazing']","['room', 'lovely', 'magnificent', 'fabulous', 'fantastic', 'superb', 'outstanding', 'very', 'seemed', 'visit']","['room', 'nice', 'was', 'lovely', 'spirited', 'stifiling', 'andreas', 'crying', 'tlc', 'amazing']","['room', 'nice', 'lovely', 'amazing', 'dated', 'touch', '', '', '', '']","['My room was nice, but not outstanding', 'The room we had was very nice', 'The room was very nice']"
67,66,29,66_check_fast_quick_efficient,"['check', 'fast', 'quick', 'efficient', 'smooth', 'out', 'in', 'breeze', 'awesome', 'hunt']","['checkout', 'checkin', 'check', 'efficiently', 'fast', 'efficient', 'into', 'in', 'rushed', 'smooth']","['check', 'fast', 'quick', 'efficient', 'smooth', 'out', 'in', 'breeze', 'awesome', 'hunt']","['check', 'fast', 'quick', 'efficient', 'smooth', 'in', 'breeze', 'awesome', 'early', 'lightning']","['Fast check-in', '"" Check it out', 'Check in was fast and efficient']"
68,67,29,67_mirror_tv_bathroom_built,"['mirror', 'tv', 'bathroom', 'built', 'mirrors', 'embedded', 'tub', 'vanity', 'television', 'into']","['mirror', 'mirrors', 'tv', 'tvs', 'television', 'bathroom', 'vanity', 'screen', 'tub', 'shower']","['mirror', 'tv', 'bathroom', 'built', 'mirrors', 'embedded', 'tub', 'vanity', 'television', 'into']","['mirror', 'tv', 'bathroom', 'mirrors', 'tub', 'vanity', 'television', 'disappointing', 'functional', 'slippers']","['I love the tv in the mirror', 'There is even a TV built into the Bathroom mirror', 'There is a tv in the bathroom mirror']"
69,68,28,68_called_reservation_incident_did,"['called', 'reservation', 'incident', 'did', 'that', 'occurred', 'insurance', 'problem', 'office', 'he']","['hotel', 'reservation', 'incident', 'relocated', 'occurred', 'denied', 'cancel', 'cancellation', 'fiance', 'confirmation']","['called', 'reservation', 'incident', 'did', 'that', 'occurred', 'insurance', 'problem', 'office', 'he']","['reservation', 'incident', 'insurance', 'problem', 'office', 'hotel', 'check', 'night', 'coupon', 'notion']","['The second incident was when my fiance called to add an extra night on to our reservation', 'I called the concierge to ask about the on call doctor and was told that he ""didn\'t know if the hotel had one""--he called back later to tell me "" he relocated"" (!?)', ""The third incident was that I did not know how to make the shower water warm (not the hotel's fault) so on the first night of our stay we called for help and they said they would send someone up""]"
70,69,28,69_return_will_again_back,"['return', 'will', 'again', 'back', 'would', 'hotel', 'definitely', 'this', 'come', 'stay']","['hotel', 'staying', 'visiting', 'stay', 'return', 'definitely', 'go', 'again', 'absolutely', 'back']","['return', 'will', 'again', 'back', 'would', 'hotel', 'definitely', 'this', 'come', 'stay']","['hotel', 'signifiicance', 'loyalty', 'greater', 'next', 'month', 'customer', 'different', 'expensive', 'year']","['I would definitely stay at this hotel again', 'I would recommend this hotel to anyone and we will definitely return', 'We would definitely stay again in this hotel!']"
71,70,28,70_ipad_cd_iphone_bose,"['ipad', 'cd', 'iphone', 'bose', 'player', 'telephone', 'plug', 'controls', 'outlets', 'work']","['ipads', 'ipad', 'devices', 'ipod', 'outlets', 'iphone', 'room', 'laptops', 'docking', 'electronic']","['ipad', 'cd', 'iphone', 'bose', 'player', 'telephone', 'plug', 'controls', 'outlets', 'work']","['ipad', 'player', 'iphone', 'telephone', 'plug', 'outlets', 'electronic', 'desk', 'temperature', 'system']","[""the great service, attentive staff, lovely large rooms with high ceilings - and the added bonus (which we didn't expect but suspect will become the norm very soon) of having an Ipad in the room to control the temperature and the lights and for free in-room internet access"", 'Lacking simple conveniences such as an iphone/mp3 docking station, easily accessible outlets to charge electronic devices, blackout curtains that truly blackout, etc', 'There is an iPad in each room that controls the lighting, temperature, room service and other options']"
72,71,27,71_san_diego_francisco_located,"['san', 'diego', 'francisco', 'located', 'beach', 'bus', 'grant', 'sd', 'centrally', 'hotel']","['san', 'hotels', 'hotel', 'diego', 'sf', 'visit', 'francisco', 'sd', 'beach', 'downtown']","['san', 'diego', 'francisco', 'located', 'beach', 'bus', 'grant', 'sd', 'centrally', 'hotel']","['beach', 'bus', 'hotel', 'luxury', 'best', 'must', 'sand', 'shuttle', 'easy', 'downtown']","['I would highly recommend this hotel and would definitely stay there again when in San Diego', 'Grant, located in downtown San Diego', 'This is the best place to stay in San Diego']"
73,72,27,72_tv_channels_large_hd,"['tv', 'channels', 'large', 'hd', 'screen', 'bedroom', 'tvs', 'living', 'flat', 'selection']","['tv', 'tvs', 'television', 'televisions', 'channels', 'channel', 'cable', 'hd', 'lcd', 'audio']","['tv', 'channels', 'large', 'hd', 'screen', 'bedroom', 'tvs', 'living', 'flat', 'selection']","['tv', 'channels', 'large', 'screen', 'bedroom', 'tvs', 'living', 'flat', 'selection', 'wall']","['The TV was large and in HD', 'The rooms and bath were large with a large TV with lots of channels', 'Each room had its own large flat-screen TV with a direct TV box attached, in addition to the large TV and high-end audio-visual set-up in the main living area']"
74,73,26,73_waldorf_astoria_towers_grandest,"['waldorf', 'astoria', 'towers', 'grandest', 'chicago', 'follow', 'new', 'luxury', 'guests', 'tour']","['waldorf', 'waldorph', 'astoria', 'trips', 'visit', 'trip', 'guests', 'stayed', 'traveled', 'tour']","['waldorf', 'astoria', 'towers', 'grandest', 'chicago', 'follow', 'new', 'luxury', 'guests', 'tour']","['grandest', 'new', 'luxury', 'guests', 'review', 'motto', 'hearts', 'grand', 'fine', 'summers']","['We booked in for 8 nights at the Waldorf', 'My wife and I just got back from a weekend stay at the Waldorf Astoria Chicago', 'For our anniversary, we stayed at The new Waldorf Astoria Chicago and had a wonderful experience']"
75,74,26,74_surrey_london_palms_royal,"['surrey', 'london', 'palms', 'royal', 'stayed', 'at', 'honeymoon', 'nights', 'surgery', 'helmsley']","['surrey', 'london', 'hotels', 'stayed', 'honeymoon', 'royal', 'nights', 'places', 'weekend', 'travel']","['surrey', 'london', 'palms', 'royal', 'stayed', 'at', 'honeymoon', 'nights', 'surgery', 'helmsley']","['palms', 'honeymoon', 'nights', 'surgery', 'stay', 'relative', 'wife', 'day', 'trip', 'closer']","['We stayed 6 days at The Surrey on August 2012', 'We stayed in the Surrey for the first 5 nights of our honeymoon', ""The Surrey didn't""]"
76,75,25,75_seattle_puget_sound_fairmont,"['seattle', 'puget', 'sound', 'fairmont', 'downtown', 'clearly', 'need', 'attractions', 'garden', 'views']","['seattle', 'puget', 'downtown', 'vancouver', 'hotel', 'bay', 'visiting', 'parks', 'attractions', 'visit']","['seattle', 'puget', 'sound', 'fairmont', 'downtown', 'clearly', 'need', 'attractions', 'garden', 'views']","['puget', 'sound', 'downtown', 'attractions', 'garden', 'views', 'property', 'crime', 'sweeping', 'ball']","['The rooms at the Four Seasons Seattle are lovely with great views of the bay', 'A beautiful property well situated in downtown Seattle', 'For those visiting Seattle, the hotel has an excellent location in the middle of downtown Seattle']"
77,76,25,76_grounds_garden_maintained_beautiful,"['grounds', 'garden', 'maintained', 'beautiful', 'are', 'trees', 'public', 'manicured', 'landscaping', 'gardens']","['grounds', 'gardens', 'courtyards', 'garden', 'courtyard', 'facilities', 'patio', 'landscaping', 'areas', 'terrace']","['grounds', 'garden', 'maintained', 'beautiful', 'are', 'trees', 'public', 'manicured', 'landscaping', 'gardens']","['grounds', 'garden', 'beautiful', 'trees', 'public', 'landscaping', 'gardens', 'peaceful', 'lovely', 'succulents']","['The landscaping and the grounds are beautiful and the facilities were extremely well maintained', 'The grounds are beautiful and well maintained', 'It has a very nice garden area in the front, but that is it for the grounds']"
78,77,24,77_here_will_again_staying,"['here', 'will', 'again', 'staying', 'stay', 'definitely', 'back', 'phoenix', 'anywhere', 'else']","['staying', 'stay', 'stayed', 'vacation', 'visit', 'travel', 'back', 'return', 'we', 'again']","['here', 'will', 'again', 'staying', 'stay', 'definitely', 'back', 'phoenix', 'anywhere', 'else']","['qualified', 'next', 'comment', 'month', 'vacation', 'area', 'less', 'travel', 'week', 'time']","['This is the second time we have stayed here and we will definitely be back', 'We will be staying here again', 'We will be staying here again']"
79,78,24,78_highly_recommended_recommend_agno,"['highly', 'recommended', 'recommend', 'agno', 'spelling', 'reccomend', 'concept', 'suggest', 'exception', 'definitely']","['recommended', 'recommend', 'suggest', 'highly', 'must', 'loved', 'check', 'checking', 'definitely', 'reccomend']","['highly', 'recommended', 'recommend', 'agno', 'spelling', 'reccomend', 'concept', 'suggest', 'exception', 'definitely']","['spelling', 'concept', 'exception', '', '', '', '', '', '', '']","['Highly recommended!', 'Highly recommended', 'Highly, highly recommended!']"
80,79,23,79_turn_turndown_down_service,"['turn', 'turndown', 'down', 'service', 'night', 'nightly', 'ice', 'kid', 'water', 'bottled']","['turndown', 'service', 'night', 'nightly', 'turn', 'turned', 'evening', 'down', 'bed', 'incredible']","['turn', 'turndown', 'down', 'service', 'night', 'nightly', 'ice', 'kid', 'water', 'bottled']","['turn', 'turndown', 'service', 'night', 'kid', 'water', 'bottled', 'bed', 'tarts', 'meringue']","['The turn-down service was also a nice touch', 'Turn down service each night was fantastic', 'The turn down service was amazing each night']"
81,80,23,80_smell_odor_smelled_mildew,"['smell', 'odor', 'smelled', 'mildew', 'tissue', 'smoke', 'room', 'strong', 'hallways', 'bathroom']","['odor', 'bathrooms', 'smelly', 'smell', 'smelled', 'bathroom', 'scent', 'vents', 'fumes', 'carpet']","['smell', 'odor', 'smelled', 'mildew', 'tissue', 'smoke', 'room', 'strong', 'hallways', 'bathroom']","['smell', 'odor', 'mildew', 'tissue', 'smoke', 'room', 'strong', 'hallways', 'bathroom', 'threadbare']","['But during dinner, there is a strong smell of grilling meat coming from the vents in the hallways - all the way up on the 22nd floor', 'After one day during our stay we noticed a strong smoke smell, after complaining they upgraded us to a better room on the 4th floor', '~The odor in the bathroom seemed to be in all the bathrooms with different odor intensities']"
82,81,21,81_dirty_clean_carpets_dusty,"['dirty', 'clean', 'carpets', 'dusty', 'room', 'hallway', 'stains', 'washer', 'fresh', 'appeared']","['stains', 'carpets', 'carpet', 'cleanliness', 'furniture', 'cleaning', 'carpeting', 'stain', 'cleaned', 'stained']","['dirty', 'clean', 'carpets', 'dusty', 'room', 'hallway', 'stains', 'washer', 'fresh', 'appeared']","['dirty', 'clean', 'dusty', 'carpets', 'room', 'hallway', 'stains', 'washer', 'fresh', 'cleaning']","['It looked as though the carpets had been cleaned without putting any protective padding under the furniture which then rusted', 'Was last there 8/23-8/26 and found the room to be clean and fresh as always with world class service from the front desk to the person who picked up my clothes for dry cleaning', 'I was switched to a new room which was fine but had dust on the tables and stains on the nightstand from what appeared to be a soda spill']"
83,82,21,82_service_room_poor_znd,"['service', 'room', 'poor', 'znd', 'timeliness', 'sservice', 'nicities', 'executed', 'sunset', 'poorly']","['service', 'room', 'services', 'nights', 'night', 'experience', 'customer', 'manhattan', 'sservice', 'lights']","['service', 'room', 'poor', 'znd', 'timeliness', 'sservice', 'nicities', 'executed', 'sunset', 'poorly']","['service', 'room', 'poor', 'nicities', 'timeliness', 'sservice', 'sunset', 'delivery', 'night', 'limited']","['We had room service one night which was excellent', 'In fact, one night we ordered room service (which was OK, a rather limited menu and quite pricey!) and stayed in to watch the sunset and the lights go on over Manhattan - it was wonderful', 'Room service service was very poor']"
84,83,21,83_ice_water_cold_pack,"['ice', 'water', 'cold', 'pack', 'hour', 'bottle', 'bottles', 'get', 'bucket', 'chilled']","['ice', 'frozen', 'chilled', 'cold', 'water', 'dripping', 'attendant', 'humid', 'refrigerated', 'valets']","['ice', 'water', 'cold', 'pack', 'hour', 'bottle', 'bottles', 'get', 'bucket', 'chilled']","['ice', 'water', 'cold', 'pack', 'hour', 'bottle', 'bottles', 'bucket', 'warm', 'complimentary']","['We called down to have the water brought up, which was done promptly, but it was warm and we then needed to get ice', 'Sure enough, one hour later an attendant appeared, gave me a ""warm"" pack and said there was no way of making my ice pack cold, and gave me a laundry bag full of ice cubes with water dripping', 'He was also a half hour late picking up :(, 2) I ordered ice for the room and it took over a hour to arrive - why not have a ice machine for guests? If the beach service had been better I would have rated 5 with no reserve']"
85,84,21,84_conrad_shack_shake_new,"['conrad', 'shack', 'shake', 'new', 'meyer', 'danny', 'dog', 'financial', 'north', 'lower']","['conrad', 'hotel', 'shack', 'city', 'rooms', 'nearby', 'manhattan', 'location', 'suites', 'hudson']","['conrad', 'shack', 'shake', 'new', 'meyer', 'danny', 'dog', 'financial', 'north', 'lower']","['new', 'dog', 'financial', 'coastline', 'shadow', 'follower', 'junkie', 'evidence', 'rooms', 'designer']","['I could not have picked a better location than The Conrad', ""I live in the city but needed a place downtown for a special situation so I choose the Conrad because of the reputation that Conrad's have"", 'We stayed at Conrad NYC while working through our bucket list to stay at every Conrad property']"
86,85,20,85_room_spotless_noticed_huge,"['room', 'spotless', 'noticed', 'huge', 'was', 'extravaganza', 'flaw', 'gadgetry', 'duration', 'small']","['room', 'roomy', 'curtain', 'spotless', 'door', 'gap', 'little', 'visible', 'alley', 'bed']","['room', 'spotless', 'noticed', 'huge', 'was', 'extravaganza', 'flaw', 'gadgetry', 'duration', 'small']","['room', 'spotless', 'huge', 'duration', 'flaw', 'gadgetry', 'extravaganza', 'small', 'gap', 'alley']","['The room was spotless and the high tech gadgetry is right up my alley', 'When Chris left we looked around the room and noticed the odd little thing like a curtain had came off the rail though they did still close', ""However, the room had a rather huge flaw : there was a gap of at least 0,5 inch under the room's entry door""]"
87,86,19,86_valet_desk_front_staff,"['valet', 'desk', 'front', 'staff', 'everyone', 'bellhops', 'from', 'keeping', 'friendly', 'cafe']","['valets', 'valet', 'receptionists', 'housekeeping', 'waiter', 'staff', 'restaurants', 'cafe', 'employees', 'doormen']","['valet', 'desk', 'front', 'staff', 'everyone', 'bellhops', 'from', 'keeping', 'friendly', 'cafe']","['valet', 'desk', 'front', 'staff', 'bellhops', 'keeping', 'friendly', 'cafe', 'gracious', 'polite']","['From the valet, bellhops, front desk staff to the room service servers, everyone was gracious and polite', 'From the valet staff, to the front desk and house keeping, all staff were very friendly and accommodating', 'From the valet, to the front desk, to the restaurants, to room service and housekeeping']"
88,87,19,87_clean_spacious_modern_room,"['clean', 'spacious', 'modern', 'room', 'rooms', 'comfortable', 'immaculatly', 'pics', 'classical', 'hated']","['rooms', 'bedroom', 'room', 'spacious', 'apartment', 'comfortable', 'seating', 'comfort', 'sofa', 'bedding']","['clean', 'spacious', 'modern', 'room', 'rooms', 'comfortable', 'immaculatly', 'pics', 'classical', 'hated']","['clean', 'spacious', 'modern', 'room', 'rooms', 'comfortable', 'pics', 'classical', 'proof', 'size']","['On entering the reception area it was very cool and airy, immaculatly clean and very spacious', 'The room was modern, clean and a good size for our family', 'The room itself was spacious, clean and comfortable']"
89,88,19,88_welcoming_smiling_smile_greeted,"['welcoming', 'smiling', 'smile', 'greeted', 'friendly', 'always', 'everyone', 'they', 'nice', 'respectfuly']","['welcoming', 'greeted', 'smiling', 'smile', 'greet', 'cheerful', 'friendly', 'sincere', 'polite', 'gentle']","['welcoming', 'smiling', 'smile', 'greeted', 'friendly', 'always', 'everyone', 'they', 'nice', 'respectfuly']","['welcoming', 'smile', 'friendly', 'nice', 'person', 'kind', 'helpful', 'sincere', 'manner', 'way']","['Our last day turned out as wonderful as the first, we were greeted by the maid, who was very polite, friendly and brightly smiling', 'They are usually smiling, nice, welcoming', 'Cardona always greeted us with a warm smile and was extremely friendly and was first and formost our welcoming committee when we left and returned']"
90,89,19,89_slippers_robes_toiletries_sized,"['slippers', 'robes', 'toiletries', 'sized', 'robe', 'kit', 'cotton', 'swabs', 'provided', 'fit']","['robes', 'slippers', 'robe', 'clothes', 'toiletries', 'clothing', 'gifts', 'drawers', 'towels', 'grooming']","['slippers', 'robes', 'toiletries', 'sized', 'robe', 'kit', 'cotton', 'swabs', 'provided', 'fit']","['slippers', 'robes', 'toiletries', 'sized', 'robe', 'kit', 'cotton', 'hair', 'counter', 'kid']","['My husband and I were both given a tour and provided with robes and slippers', 'The robes, slippers and toiletries were first class', 'Decent sized robes, good slippers, lots of fluffy towels and generously sized bottles of toiletries were all provided']"
91,90,18,90_hyatt_park_chicago_connection,"['hyatt', 'park', 'chicago', 'connection', 'working', 'details', 'as', '1716', '35mbit', 'enveloped']","['hyatt', 'park', 'suites', 'guests', 'place', 'anniversary', 'stayed', 'management', 'met', 'wedding']","['hyatt', 'park', 'chicago', 'connection', 'working', 'details', 'as', '1716', '35mbit', 'enveloped']","['connection', 'details', 'expertise', 'nights', 'cloud', 'wired', 'max', 'interest', 'reference', 'combination']","['We recently spent a weekend at the Park Hyatt', 'This was our first stay at a Park Hyatt and we are in love', 'We stayed in an Executive Suite at the Park Hyatt on N']"
92,91,18,91_restaurant_excellent_refurbishing_michelle,"['restaurant', 'excellent', 'refurbishing', 'michelle', 'sample', 'arrogant', 'showcase', 'unprofessional', 'enjoynyc', 'adour']","['restaurant', 'restaurants', 'dining', 'dinner', 'food', 'superb', 'fabulous', 'outstanding', 'excellent', 'recommendations']","['restaurant', 'excellent', 'refurbishing', 'michelle', 'sample', 'arrogant', 'showcase', 'unprofessional', 'enjoynyc', 'adour']","['restaurant', 'excellent', 'refurbishing', 'showcase', 'unprofessional', 'arrogant', 'active', 'premises', 'food', 'accomodating']","['The restaurant is very good', 'Restaurant Excellent', 'Excellent restaurant']"
93,92,18,92_la_vibe_confortably_specialy,"['la', 'vibe', 'confortably', 'specialy', 'biltmore', 'bh', 'beg', 'effcient', 'subpar', 'nelson']","['la', 'hotels', 'angeles', 'los', 'attractions', 'place', 'mall', 'relaxing', 'explore', 'balcony']","['la', 'vibe', 'confortably', 'specialy', 'biltmore', 'bh', 'beg', 'effcient', 'subpar', 'nelson']","['vibe', 'effcient', 'subpar', 'edgy', 'school', 'closes', 'drivers', 'similar', 'face', 'place']","['SLS has a similar ""I\'m too cool for school LA vibe,"" but more edgy and in-your-face', 'We went down to LA for a quick show and a bite to eat, and this was truly the place to relax and be spoiled! We had a corner room with a balcony which had a beautiful view and provided lots of fresh air and entertainment', 'Since the moment we arrived until check out all the hotel staff and services were outstanding mainly the concierge that is highly effcient and seems to know all in LA and the hotel drivers (specialy Nelson) that drives you confortably to the closes shops (Rodeo Drive, BH mall, The Grove) and restaurants']"
94,93,18,93_fairmont_olympic_rates_swish,"['fairmont', 'olympic', 'rates', 'swish', 'nasty', 'avoided', 'upkeep', 'raffles', 'probably', 'expectations']","['fairmont', 'expect', 'discount', 'hotels', 'expectations', 'booking', 'special', 'raffles', 'york', 'trip']","['fairmont', 'olympic', 'rates', 'swish', 'nasty', 'avoided', 'upkeep', 'raffles', 'probably', 'expectations']","['fairmont', 'rates', 'swish', 'nasty', 'upkeep', 'expectations', 'exorbitant', 'presidents', 'visitor', 'rack']","['As a frequent visitor of Fairmont and Fairmont Raffles Hotels I had high expectations for The Plaza Hotel for my New York stay', 'Not so with the Fairmont', 'well, just not what I would expect in a Fairmont']"
95,94,18,94_towels_soft_bath_towel,"['towels', 'soft', 'bath', 'towel', 'cold', 'were', 'homework', 'reuse', 'finance', 'economics']","['towels', 'towel', 'napkins', 'bath', 'sheets', 'linen', 'robes', 'soft', 'pool', 'scented']","['towels', 'soft', 'bath', 'towel', 'cold', 'were', 'homework', 'reuse', 'finance', 'economics']","['towels', 'soft', 'bath', 'towel', 'cold', 'economics', 'finance', 'homework', 'help', 'thing']","['The towels are by far the best I have ever had at a hotel', 'Large towels were provided but they were not very soft', 'She had no regard for getting clean towels and two of the days I spent at the pool she ran out of towels']"
96,95,17,95_reservations_mentions_reservation_any,"['reservations', 'mentions', 'reservation', 'any', 'concierge', 'popular', 'able', 'restaurant', 'us', 'saturday']","['reservation', 'reservations', 'restaurant', 'bookings', 'restaurants', 'dinner', 'guests', 'steakhouse', 'tickets', 'dishes']","['reservations', 'mentions', 'reservation', 'any', 'concierge', 'popular', 'able', 'restaurant', 'us', 'saturday']","['reservations', 'reservation', 'concierge', 'popular', 'able', 'restaurant', 'dinner', 'confirmation', 'dishes', 'guests']","['We already had all of our dinner and show reservations but heard from other guests that the Plaza concierge were able to get them into some very popular restaurants last minute', 'They were able to get me and my husband reservations at any restaurant with a quick call', 'They were able to get us dinner reservations on a Saturday night and answered any question about what to do and see']"
97,96,17,96_peninsula_3x_oue_cheep,"['peninsula', '3x', 'oue', 'cheep', 'dismissive', 'much', 'will', 'deals', 'be', 'experience']","['peninsula', 'hotels', 'pleasant', 'everywhere', 'expectations', 'recommend', 'trip', 'review', 'see', 'enjoyed']","['peninsula', '3x', 'oue', 'cheep', 'dismissive', 'much', 'will', 'deals', 'be', 'experience']","['cheep', 'dismissive', 'deals', 'experience', 'first', 'online', 'doubt', 'mind', 'month', 'nicer']","['Highly recommend the Peninsula, you will not be disappointed', 'Our stay at the Peninsula met all my expectations', '(See Peninsula review']"
98,97,17,97_stayed_days_here_adams,"['stayed', 'days', 'here', 'adams', 'hay', 'past', 'stay', 'week', 'thus', 'three']","['stayed', 'stay', 'days', 'trip', 'weekend', 'place', 'been', 'week', 'day', 'long']","['stayed', 'days', 'here', 'adams', 'hay', 'past', 'stay', 'week', 'thus', 'three']","['days', 'past', 'stay', 'week', 'frustrating', 'experiences', 'site', 'day', 'time', 'outside']","['Stayed here for two days and loved it', 'I stayed here for three days', 'Stayed here for two days and had a great time']"
99,98,17,98_desk_front_told_said,"['desk', 'front', 'told', 'said', 'agent', 'us', 'called', 'when', 'went', 'out']","['desk', 'staff', 'front', 'manager', 'situation', 'cancel', 'call', 'agent', 'agents', 'appointed']","['desk', 'front', 'told', 'said', 'agent', 'us', 'called', 'when', 'went', 'out']","['desk', 'front', 'agent', 'rewards', 'help', 'miles', 'stupid', 'program', 'times', 'mistake']","['We called down to the front desk and were told they would get back to us momentarily', 'Heading over to the front desk there were a couple people in front of us but they promptly called out another front desk agent to help', 'Even though we went to the front desk and told them we were leaving the staff didn’t check us out of our room']"
100,99,16,99_service_fs_hotel_this,"['service', 'fs', 'hotel', 'this', 'potentential', 'advertzed', 'superlative', 'glitziest', 'impeccable', 'customer']","['hotel', 'luxurious', 'luxury', 'amenities', 'service', 'customer', 'glitziest', 'exemplary', 'management', 'place']","['service', 'fs', 'hotel', 'this', 'potentential', 'advertzed', 'superlative', 'glitziest', 'impeccable', 'customer']","['service', 'hotel', 'superlative', 'glitziest', 'impeccable', 'customer', 'exemplary', 'year', 'aspect', 'general']","['Beyond the luxurious amenities and sheets one would expect, what I really enjoyed about this hotel in particular was the incredibly personalized service', 'Kudos to Lema and the general management of this hotel for exemplary customer service', ""It's not the glitziest FS but it's just a great place with consistently excellent customer service, year in an year out""]"
101,100,16,100_tip_tipping_accept_gratuity,"['tip', 'tipping', 'accept', 'gratuity', 'tips', 'everyone', 'slippers', 'times', '125', 'carrying']","['tipping', 'tip', 'tips', 'gratuity', 'slippers', 'butler', 'point', 'policy', 'annoying', 'bothers']","['tip', 'tipping', 'accept', 'gratuity', 'tips', 'everyone', 'slippers', 'times', '125', 'carrying']","['tip', 'tipping', 'gratuity', 'tips', 'slippers', 'times', 'bottle', 'different', 'housekeeper', 'checks']","['We had our butler bring us ice once and he would not accept a tip', ""I also love that they dont accept tips - not because I don't want to tip - believe me I've tried"", 'Of course each time there was the expectation for a tip (a stark contrast to my previous stay at the Waldorf where there is a no tipping policy - heavenly!) The housekeeping was very inconsistent -- some times turndown service was impeccable with a fresh bottle of water and my slippers laid neatly by the bed, other times my slippers would be scattered somewhere and no water bottle in sight']"
102,101,16,101_she_standing_health_her,"['she', 'standing', 'health', 'her', 'asked', 'me', 'us', 'went', 'viewpoint', 'shooting']","['hers', 'room', 'lady', 'her', 'she', 'escort', 'insisted', 'downstairs', 'towel', 'apologized']","['she', 'standing', 'health', 'her', 'asked', 'me', 'us', 'went', 'viewpoint', 'shooting']","['health', 'viewpoint', 'insistent', 'policies', 'crutches', 'club', 'room', 'complementary', 'sign', 'flight']","['However, she was insistent that she organise something for me and made me feel like it really was not an issue at all', ""She informed us that our room wasn't ready and if we wanted to wait at the bar or the rooftop lounge she would find us when it was available"", 'She actually tidied up and straightened our wayward shoes, she laid all of our loose toiletries on a towel, and she folded a pair of pants that had fallen off of a chair back, absolutely nothing invasive, just really thoughtful attentiveness']"
103,102,16,102_name_names_by_knew,"['name', 'names', 'by', 'knew', 'everyone', 'addressed', 'address', 'last', 'irish', 'remember']","['greeted', 'welcoming', 'names', 'addresses', 'met', 'resident', 'our', 'name', 'addressed', 'address']","['name', 'names', 'by', 'knew', 'everyone', 'addressed', 'address', 'last', 'irish', 'remember']","['name', 'names', 'last', 'feat', 'permanent', 'clue', 'compliments', 'resident', 'lol', 'people']","['They greeted us by name everywhere we went', 'The staff made it there business to learn our name and we were always addressed by our last name until the day we left', 'On top of all those lovely touches, everyone addresses you by your last name as though you are a permanent resident, and addressed my daughter by her first name']"
104,103,15,103_drawers_desk_closet_couch,"['drawers', 'desk', 'closet', 'couch', 'large', 'phones', 'plenty', 'living', 'dressing', 'area']","['room', 'drawers', 'couch', 'desk', 'storage', 'hallway', 'sofa', 'closets', 'closet', 'kitchen']","['drawers', 'desk', 'closet', 'couch', 'large', 'phones', 'plenty', 'living', 'dressing', 'area']","['drawers', 'desk', 'closet', 'couch', 'large', 'phones', 'plenty', 'living', 'dressing', 'area']","['Very spacious 420 sq ft room, huge comfortable bed, large flat screen tv, Nespresso coffee machine, microwave, large work desk area, large couch', 'There are two drawers in each nighhtstand, along with cordless phones on each side, a nice clock, dimmer switch lights on the lamps, as well as convenient outlets to charge phones on each side', 'The Superior room has a king size bed, a good size office desk and chair, a full 3 seater couch(!!), a changing / dressing area with a closet and drawers to put clothing away, and a wonderful marble filled bathroom with separate tub, shower, and toilet enclosure']"
105,104,15,104_nights_august_spent_during,"['nights', 'august', 'spent', 'during', 'this', 'week', 'stayed', 'hotel', 'two', 'drug']","['hotel', 'nights', 'vacation', 'stayed', 'visits', 'suites', 'booked', 'visited', 'trip', 'august']","['nights', 'august', 'spent', 'during', 'this', 'week', 'stayed', 'hotel', 'two', 'drug']","['nights', 'week', 'hotel', 'father', 'drug', 'deals', 'days', 'family', 'daughters', 'visits']","['Just spent three nights at this hotel this week (8/13/2012)', 'My husband and I stayed in this hotel for 5 nights in August, during a busy time', 'I spent two nights during the week in August at this hotel']"
106,105,15,105_issues_minor_few_complain,"['issues', 'minor', 'few', 'complain', 'complaints', 'had', 'spurious', 'smartphoone', 'recognise', 'ithing']","['issues', 'complaints', 'problems', 'concern', 'issue', 'complaint', 'complain', 'gripes', 'problem', 'downside']","['issues', 'minor', 'few', 'complain', 'complaints', 'had', 'spurious', 'smartphoone', 'recognise', 'ithing']","['issues', 'minor', 'few', 'complaints', 'spurious', 'smartphoone', 'issue', 'gripes', 'downside', 'concern']","['We had a few minor issues during our stay and all were quickly corrected', 'On the downside we had a few minor issues', 'The issues we had were minor']"
